"V1","Demeaned series  cpi_all_mom","Constructed series  cpi_all_mom","Cumulative effect of  oil_USD shock on  cpi_all_mom","Cumulative effect of  imp_price_mom shock on  cpi_all_mom","Cumulative effect of  miacr_31 shock on  cpi_all_mom","Cumulative effect of  neer_mom shock on  cpi_all_mom","Cumulative effect of  gdp_per_cap_SA shock on  cpi_all_mom","Cumulative effect of  cpi_all_mom shock on  cpi_all_mom"
1,0.0006272157396899,-0.00184370644725854,-0.000211825633865467,0.000316737647626804,-0.000367236848846667,9.64470067877649e-05,-0.00107149278390344,-0.000606335835057537
2,-0.000317833722922331,-0.00391303992638726,-0.000886259501938845,0.000266313193646241,-0.000812291710965951,0.000798417377531476,-0.00209241049509454,-0.00118680878956564
3,0.00068171462183619,-0.00286430583968732,-0.00145111818630888,0.000418479131254283,-0.00145627561168751,0.00172919933822656,-0.00108346358565726,-0.00102112692551452
4,0.000772571245490529,-0.00200464938394459,-0.00134268504675428,0.00140230322562085,-0.00138843714175485,0.00120916195726675,-0.00163972283960288,-0.00024526953872018
5,0.00159772567547145,-0.00076432616465593,-0.000592175700928247,0.00147108553784636,-0.000144505294643112,-0.000626786251123923,-0.000972716333198001,0.000100771877390995
6,0.00169669655316791,-0.000503134419856977,2.56114836849239e-05,0.00081452984299269,0.000735928308361984,-0.00197916537235776,-0.000325372230892414,0.000225333548353598
7,0.00575213499234262,0.00413130318547461,-6.8220231082229e-05,0.000431068996812017,0.000609518285752606,-0.00178251256979828,0.00469107883049277,0.000250369873297723
8,0.00534027649025702,0.00424796831833342,-0.000334276886384539,0.000584472921414001,-0.000192410849745608,-0.0011247163222189,0.0052726971278846,4.22023273838652e-05
9,0.00071263576702868,-0.000228276339848634,-0.00067451805614636,0.000864285438419342,-0.000512262795710191,-0.00118452926486903,0.00118694291390033,9.18054245572762e-05
10,-0.00180161737629393,-0.00265807595411594,-0.000844631927865873,0.000203807307661388,-0.000735071090210137,-0.000891119731751172,-0.000531328730355733,0.000140268218405586
11,-0.0002347267363671,-0.000979625961033325,-0.000473320713699643,-0.000154861705228812,-0.00135840901368475,6.10046647577921e-05,0.000974611886829446,-2.86510800073533e-05
12,-0.0014714311435516,-0.00216514377902904,-0.000198176940134626,7.5269774672725e-05,-0.00178765899429427,0.000444143069372866,-0.000804093484544771,0.000105372795899035
13,0.00248628459371017,0.00190537270757585,-0.000196437358278897,0.00039550650396842,-0.000760082583147629,-0.000246692780732468,0.00250999062420581,0.00020308830156061
14,0.00265674235833606,0.00220451207865453,0.000288967110066668,-0.000165528934243198,-0.000497191186704921,-0.00125609207216264,0.00378400956018447,5.03476015141507e-05
15,-0.00118112414208717,-0.00165944129533596,0.00112145420313368,-0.000547151814042098,-0.00055079946465047,-0.00194607759722466,0.000344663656233182,-8.15302787855928e-05
16,-0.00214564204691218,-0.00268189805053277,0.00139636066127712,-7.28328579658816e-06,-0.00100485051267783,-0.00198173797172275,-0.00122584751617835,0.000141460574565633
17,0.00046349550424932,-4.39668424582725e-05,0.00124020079082945,3.8733890908481e-05,-0.000186359491040708,-0.00148268478148756,0.000441794750786673,-9.5652002454605e-05
18,0.00148395504866324,0.000956796378295244,0.00140963604898575,-0.000364041195424605,-3.99712117484493e-05,-0.00114632658828198,0.00204000668002131,-0.000942507355256786
19,-0.0012044990504256,-0.00179230315072531,0.00113895093673736,-0.000277960010248886,-0.000599236572174249,-0.00120613663958702,-0.0002509715285185,-0.000596949336934007
20,0.000506529230679649,-3.60619825909957e-05,0.000575222897894998,0.000165266308229722,-0.00018480086068021,-0.00123968593115336,0.000708057879427981,-6.01222763101252e-05
21,-0.00135798868328357,-0.00183146697688199,0.000569965327552174,-0.000168179071151407,0.000103171792884361,-0.00113812793185456,-0.000730968806611738,-0.000467328287700822
22,0.00040098295469507,-7.21750243322508e-05,0.000558489766001289,-0.000549781674810589,0.000212466673251121,-0.000724473092891996,0.00131413144604574,-0.000883008141927814
23,0.00107005992411743,0.000651557992824082,5.65374242522244e-05,-0.000441588235001052,-0.000358938842051032,8.67774320738419e-05,0.00142755557890645,-0.000118785365356347
24,0.00495124808334772,0.0046536869473658,-0.000168433150208038,-9.76711769001078e-05,-0.000285403504719013,0.00045427194723742,0.00429984640690434,0.000451076425051194
25,0.00444147638926612,0.00420630443905971,0.000219511278168902,-2.81174583737431e-05,-0.000403034272451924,0.000123031387661024,0.00418546525581232,0.000109448248243138
26,0.00145544107712087,0.00127969464863245,0.000284452137064117,-0.000506020322713127,0.000524403529566098,-0.000263660339002869,0.00095100481987371,0.000289514823844523
27,0.00540044114302692,0.00535880882461516,1.1562917595622e-06,2.99269429805517e-05,0.00183492429295473,-0.0003095916110533,0.0026944593236722,0.00110793358430142
28,0.0110757450261463,0.0111357972446836,-4.73329892059366e-05,-0.000120246308305186,0.00308840015517481,-0.000157302776466692,0.00721851227867961,0.00115376688480702
29,0.00639468253301332,0.00649864172175603,-7.57795096158441e-05,-0.000502271310683488,0.00253253233500191,-0.000135597548196431,0.00406335649940687,0.000616401255843009
30,0.00497999040146382,0.00517104684938399,-0.000700101777712756,-0.000417287857222427,0.00193579451564106,0.000286705022512285,0.00314290831421005,0.000923028631955783
31,0.00553662374214582,0.00581350284723217,-0.000642083166393603,-0.00010664980786391,0.000698493940976903,0.00130101191030476,0.00372639340669507,0.00083633656351295
32,0.0019321522354706,0.00221704642296285,9.56559322007688e-05,-0.000587570888581106,0.000539600635977175,0.00198844590155271,-0.000119853097491408,0.000300767939304704
33,0.00464419276978242,0.00493976129622093,0.000255041001289605,-0.000768645191240877,0.000513040803136253,0.00242325598577554,0.00262815757845793,-0.000111088881197525
34,0.00871058444674512,0.00904345129789093,-0.000280467560162026,-0.000618646210681492,0.000631481322059571,0.00246905961534758,0.00647652669557367,0.000365497435753619
35,0.00800538227071522,0.00831395698777618,-0.000730484369247106,-0.000253861189002108,0.000324418465150388,0.00222843295242306,0.00694880984333508,-0.000203358714883133
36,0.00502323262196672,0.00527627633704805,-0.00126370477158561,-0.000739988633834106,0.000788934411097239,0.00239726294566193,0.00532795900416174,-0.00123418661845314
37,0.00085969003783335,0.00109601984161615,-0.00196702492521356,-0.00145706813878332,0.000585521574404915,0.00321989395371861,0.00192920667558897,-0.00121450929809947
38,0.00381613007726233,0.0040135386206695,-0.00171529910750797,-0.000937870852274773,0.000203611760278408,0.0039196185447296,0.002536946109415,6.53216602923638e-06
39,0.00524614930223722,0.00536024163679259,-0.000689426738371076,-5.86703745232702e-05,-0.00025251825403918,0.00319483753974115,0.00299314689640431,0.000172872567580656
40,0.00400009986282742,0.00406544115115212,0.000611935907326017,-0.000492698424239926,0.000487046151385934,0.000243120786170643,0.00276099219879456,0.000455044531714892
41,0.00256891364255528,0.00260554520036886,0.00163283412231412,-0.000275637834688411,0.00418747533460062,-0.00397963554807046,-0.000218576992480502,0.00125908611869348
42,0.00065993571627402,0.000631413994164389,0.00220465594401973,0.000166059698566557,0.0036157363056184,-0.00571131857216342,-0.00125287701491482,0.00160915763303795
43,0.00658327827270942,0.00650656518029898,0.00128653051067782,0.000451411572320199,0.00547564996500583,-0.00261700240104258,0.00084624081017626,0.00106373472316145
44,0.00670073140358612,0.00662153039076095,-0.000507803544241492,0.000873975263168098,0.00127962990822886,0.00201789951023311,0.00254302298259857,0.000414806270773803
45,0.00558653921006842,0.00548896925312351,-0.00165559297852874,0.00018963194227298,-0.00105031512300214,0.00324672370856651,0.00395532719131853,0.000803194512496382
46,0.00154621602873019,0.00142510007977604,-0.00151670986280606,-0.000814226950320909,-0.00394816396188485,0.0018867817437294,0.00529789269295858,0.000519526418099889
47,0.00019501689242996,9.71871882487149e-05,-0.00104187378564218,-0.000168087850131552,-0.00412884082578808,0.000921329611455548,0.00430053863588045,0.000214121402474531
48,0.00122122473990246,0.0011527295159456,-0.000715652028460972,6.66149151404624e-05,-0.000559981367579167,4.15738172308364e-06,0.00324976569171528,-0.000892175076593085
49,0.00174172909285912,0.00168016316095195,-0.000401006249125938,-0.000163378712630478,-0.000546893744147191,-0.000558839375987924,0.00452197884045193,-0.00117169759760845
50,-0.00030350071614369,-0.000330843628512228,-0.000604122889318775,-0.000418914946539663,0.000550162082711567,-0.000212315272412066,0.00157719167515568,-0.00122284427810897
51,-0.00327669729577545,-0.00324968907161396,-0.000753012316015879,-0.000590141656548591,-0.000300223625588195,-0.000286129905689381,-0.00044971082988394,-0.000870470737887971
52,-0.00483411218402861,-0.00478108754268015,-0.00067153146608889,-0.000389349813405505,1.24086016156124e-06,-0.00100314692787209,-0.00164732618755834,-0.00107097400791689
53,-0.00283041257243115,-0.00275187136028837,-0.000358867235183788,-0.000515092802519479,0.000687780407058522,-0.00153673624190633,0.000545852094291431,-0.00157480758202872
54,-0.00232703498745839,-0.0022001187114332,-0.000124139578454047,-0.000897431087466299,0.000644615187504817,-0.00129866585870372,0.00104529531622119,-0.00156979269053514
55,0.00012161413769427,0.000275095487584094,0.000450795401149219,-0.000590944551404637,0.000840266456678819,-0.00131963074472275,0.00198430203890779,-0.00108969311302435
56,-0.00053005208618393,-0.000372801541254403,0.000537455473699547,-0.000430102123468785,-0.00138536874005104,-0.00187264046214266,0.00332783732458829,-0.000549983013879757
57,-0.00102341836422618,-0.000846301143867581,5.68602349184846e-05,2.34197506008427e-05,-0.00202063563564697,-0.00195287873792008,0.00415824065894684,-0.00111130741476669
58,-0.00228965964343384,-0.00209973300110194,-0.000166326759460487,0.000185194532692341,-0.00133343224493784,-0.00219387706649466,0.00309305726169662,-0.00168434872459791
59,-0.00057383818668983,-0.000401972388662567,0.000167686207773671,0.000579221986285517,-0.00198223903661659,-0.00197576740586047,0.00407867011589422,-0.00126954425613892
60,-0.000942174998983861,-0.00078345336977794,0.000494399210082791,0.00109503057334082,-0.00232898730261104,-0.00139787464816407,0.00172051805338704,-0.000366539255813484
61,-0.00127572571333282,-0.00112141318543711,0.000457646408279556,0.000810410771173898,-0.00311346001590105,-0.000935636124650723,0.0018807156395663,-0.000221089863905088
62,0.00469583593152022,0.00482181868374997,0.000505393987988757,0.000896471138409476,-0.0022038980196644,-0.000636252498841744,0.00630403928042381,-4.39352045659319e-05
63,0.00495020913822202,0.00504255337911738,0.000186967050635759,0.00132598742061571,-0.00183689278025939,-0.000545136543806515,0.0056426878871454,0.000268940344786411
64,-8.348875976023e-05,-6.03825327329071e-06,-5.00934457105032e-05,0.000614206332878681,-0.000920561400317382,5.39504035270958e-05,0.000414000156116937,-0.00011754029976812
65,0.0021035832121752,0.00215819593627855,0.000227573515208058,-0.000267209528126771,0.000415313897371331,0.000694843901254113,0.00147709240685824,-0.000389418256286423
66,0.00396323316289752,0.00398395366105873,0.000343081785894787,-0.000234313869505313,0.000570360804730891,0.000703610078469174,0.00287524795484216,-0.000274033093372967
67,0.00852738286378942,0.00853364467627872,-0.000146966551388862,-0.000652698685633935,0.00027307977097301,1.46949316534623e-05,0.00917147124601878,-0.000125936035343738
68,-0.000674104014069941,-0.000674032254604728,-0.000728329184870874,-0.000865781264689943,9.08212431464667e-05,-0.000412890598132488,0.00171436650623294,-0.000472218956290828
69,-0.00097761688481969,-0.000995142118065354,-0.000954665792522798,-0.000163944760776286,-0.000219940060491068,-0.000441440447185677,0.00105566901126311,-0.000270820068352639
70,-0.0009533707438964,-0.000976774811986436,-0.00138767084378917,0.000118545894971553,-0.000215810085305757,0.000545135317414851,-4.79704704558705e-05,1.09953751779572e-05
71,-0.00095758704850714,-0.000969287719931802,-0.00126224267151189,-6.14206192203699e-05,-0.000182194622505394,0.000698710019867167,-0.000307455908111574,0.000145316081550258
72,-0.00275576296867354,-0.00276338222307847,-0.000168113402182433,-0.000640547873800334,-3.7976059156249e-05,-0.00123612215405272,-0.00131879666239324,0.000638173928506507
73,-0.00546081110728623,-0.00546429941721717,0.000333265004163396,-0.000958897518149051,-0.000415915438161073,-0.00214976752658058,-0.00334308644474717,0.00107010250625731
74,-0.00330364875935734,-0.00328565416832351,0.000165798075425441,-0.000301325700387151,-0.000640551568666909,-0.000987179379035187,-0.00188194473858192,0.000359549142922212
75,-0.00398548219372029,-0.00394803895617412,0.000342846733565809,-0.000321133525232601,-0.000332560927028943,0.000862671298157203,-0.00431603368105023,-0.000183828854585359
76,-0.000576491267980541,-0.000529568254284334,0.000327362492806041,-0.000195137690089876,0.00030634967053577,0.00153990551107404,-0.00287106315628014,0.000363014917669837
77,-0.00194531657678151,-0.00187923785553162,-0.000276569212529204,0.000235128618071398,0.000528235088980967,0.000517073951857881,-0.00324967066729958,0.000366564365386919
78,-0.00242656663440553,-0.00233829224127273,-0.00031704720152596,0.000885869244042225,0.000993434025007353,-0.00104115210789147,-0.00242979038253577,-0.000429605818369117
79,-0.00839628948712756,-0.00830002200658624,-9.50597678676436e-05,0.00113532004759268,0.000689344824873751,-0.00123510133842185,-0.00819045282749879,-0.000604072945264401
80,-0.00412195824273634,-0.00401822163656531,-0.000691572461484926,0.000595821527995844,0.000885314279694659,-0.000955527283528662,-0.00387893676768226,2.66790684400279e-05
81,-0.00131320794924769,-0.00119597025784853,-0.000934826153427202,0.000504709345064319,0.000444123546533087,-0.00126286374695913,0.000498875624830968,-0.000445988873890571
82,-0.00233362124226935,-0.00221451122715859,-0.000431069795034636,0.000560507681184131,0.00113487380514484,-0.00202521793149487,-0.000728409437278142,-0.000725195549679903
83,-0.00078066705490479,-0.000667961965544331,-9.42381783778896e-05,0.000154162751271535,0.00088640465882704,-0.00205110175964764,0.000296280510190165,0.000140530052192459
84,0.00347144559361089,0.00358413581532416,0.000367829781013234,0.000168946691410519,0.000510248142188929,-0.000390226100513383,0.00199089154387689,0.000936445757347978
85,0.00611082817706992,0.00621912911664171,0.000832762444272303,2.73715923059113e-05,-0.000449420150046129,0.00045392371370201,0.00446900989545309,0.000885481620954528
86,-0.00020120458471293,-0.000108061953174172,0.000379399858305024,0.000250737390172921,-0.000630474473390651,-0.00069859581304445,0.000550262381501577,4.06087032814074e-05
87,0.00171450378441898,0.00179697745409825,-0.000447733630460402,0.000774111476816944,-7.61961245660191e-05,-0.000777009036635978,0.00273442202583789,-0.000410617256894184
88,-0.001003599612403,-0.00092812692696274,-0.000157847241253389,0.000683761253450639,0.000311592857311968,-0.000155571892876603,-0.0011465556309798,-0.000463506272615553
89,-0.00287147042290646,-0.00281110278119631,0.000283748121087701,0.000412530947348996,0.000377649855651796,-0.000494978927235946,-0.00335624265001136,-3.38101280374969e-05
90,-0.00150806307112685,-0.00146146679236292,0.000130003220025154,0.000212145203574827,0.000334904129242388,-0.000767416999888932,-0.00134692445692042,-2.41778883959406e-05
91,-0.00241138057456727,-0.00236972325358363,3.98761187401915e-05,-0.000224327283337445,0.000147661073495471,-0.0013490805756202,-0.000782473471251443,-0.000201379115610203
92,-0.00190984051001241,-0.00187572625949573,0.000141327105157563,-0.000264840360721951,0.000195734394742422,-0.00165567223325637,-4.89226903701309e-05,-0.000243352475047261
93,-0.00371193353535289,-0.00368719362244604,3.87653114620938e-05,8.78687845334054e-06,-0.000320108683662674,-0.00148321475782314,-0.00173346775677304,-0.000197954614102632
94,-0.000569167260004931,-0.000544513155234107,0.000115753914302826,0.000346509397741735,-0.000253366182617912,-0.000822454156113383,0.000595167462296561,-0.000526123590843932
95,0.00052479756824657,0.000552084095443739,0.000545832659753831,0.000143985709547636,-0.000927092267224504,-0.000587599435418891,0.0016272725079996,-0.000250315079213931
96,-0.00112238099576407,-0.00109637416225661,0.000487482428061498,0.00037118097664838,-0.000689460132748925,-0.00049993827511566,-0.00046438938066488,-0.000301249778437024
97,0.00188285855182548,0.00191317282126815,-0.00011476840555817,0.00076058446131787,-0.000844209955859727,0.000843986713486536,0.00167226332816518,-0.000404683320283543
98,9.21768852925296e-05,0.0001324362863044,-0.000513261640511358,0.00082756910602535,-0.000410123834844253,0.00159232489313108,-0.00052058462710152,-0.000843487610394898
99,-0.00173739234237789,-0.00169148171056536,-0.000530914557371076,0.000273688070277879,0.00024295901569741,0.00140948101940599,-0.00261104599169608,-0.000475649266879488
100,-0.00010392677461265,-5.2319219211795e-05,-0.000557882787445723,0.00029591172818186,-5.16607074216043e-06,0.00085769294914588,-0.000712618772955589,6.97437346039367e-05
101,-0.00103084288455494,-0.000968041493321647,-0.000364149716718983,0.000495511158297364,-0.000248436375627361,0.000724874864913262,-0.00178860960886911,0.00021276818468318
102,-0.00198435839591168,-0.00191337736770075,6.41142306331236e-06,0.000193782674732573,-0.000552742509848583,0.000790472439372171,-0.00228803454859711,-6.3266846423117e-05
103,-0.00530839665982662,-0.00523380878063216,9.1366803775242e-05,-0.000466435473565862,-0.000270592554390619,0.00109450372173334,-0.00540601993587,-0.000276631342314263
104,-0.00036504346615342,-0.000283740751793999,-0.000155459226260702,-0.000192803262421457,-3.75052889794615e-05,0.00264726171017625,-0.00238961271105419,-0.000155621973254444
105,0.00287380904124619,0.00296110858691693,-9.27222726061505e-05,-1.45690069008507e-05,0.000220752540252627,0.00388549089776915,-0.000939746052519779,-9.80975190780646e-05
106,0.00309731179688191,0.00318423266001592,-4.90233993323014e-05,-0.000303175502246953,0.00141873246695467,0.00267201054316467,-0.000609004135372865,5.46926868486919e-05
107,0.0029722264009661,0.00305880257670693,-0.000317320061768938,-0.000136341198331983,0.00185464696830059,0.000260809265105247,0.00142339882459,-2.63912211879775e-05
108,0.00106266043451669,0.00115050131620039,-0.000348603189587117,-4.39415560339947e-07,0.00157643190622106,-0.00120869586110856,0.00136459208115776,-0.000232784204922417
109,-0.0012251848158567,-0.00114112800254488,0.000103355504753106,-0.00021798584587662,0.000819938192389694,-0.00146230178681458,0.000237967945360506,-0.00062210201235699
110,0.00104307011305361,0.00112106802096472,0.00021642316513532,-0.000510269108002319,0.000689791514133016,0.000146562946847868,0.000896905450158185,-0.000318345947307346
111,0.00260092028531514,0.00267590089434194,0.000217082867760302,-0.00015023869079104,0.000199438213195716,0.00177817635814959,0.000767143749268788,-0.000135701603241415
112,0.0021865713386914,0.00225680177777016,0.000795918501230078,0.000304308949262423,3.2298536252713e-05,0.00237364434554838,-0.000758938333799182,-0.000490430220724252
113,0.00576262227577282,0.0058250322349554,0.00143224086752932,9.34567109970754e-05,4.23345070094808e-05,0.00420453344457545,0.000724759049690255,-0.000672292344846176
114,0.018709169427145,0.0187668412215769,0.00202198516650404,0.000276326288053553,0.00222728468454365,0.00818524388745699,0.00618156128770722,-0.000125560092688577
115,0.0276510505888462,0.0277057266300623,0.00263722218978018,0.000604610312756192,0.00498878157119275,0.0103660580464421,0.00831266892891358,0.000796385580977564
116,0.0148868577629943,0.0149361046663955,0.00231199393089231,0.000838759126435385,0.0038383839559508,0.00761525342143135,-0.000234018963960997,0.000565733195646612
117,0.00480964640263372,0.00485531196654794,0.00135201140254562,0.000605761033231794,0.00132884830402578,0.00375758952417706,-0.00192457716283547,-0.000264321134596851
118,-0.00131063157399805,-0.00126474330960926,0.000703037386975101,0.000400831572809391,-0.00170543823151253,-0.000242493568491603,-0.000579464658583455,0.000158784189193834
119,-0.00228075618708677,-0.002235654812158,0.000733280944047788,0.00036968206958907,-0.00184641138595085,-0.00243505096671587,0.000792505265910997,0.000150339260960868
120,-0.00319410610739595,-0.00314981145624083,0.000913745798904319,0.000504785876553908,-0.00192383993814664,-0.000350295485758188,-0.00215931360211526,-0.000134894105678968
121,0.0018825440731742,0.00192983098618416,0.00116843413225595,0.000705580880451469,-0.00105003092066144,0.00171124707049536,-0.000486361366425482,-0.000119038809931703
122,0.00201585936854042,0.002066559437269,0.0012558247726816,0.000504469373569028,0.000660534301247913,0.00275414340533862,-0.00333285409534599,0.000224441679777832
123,0.00177567961742043,0.00182812779362151,0.000812237166900455,0.000399726239837918,0.00103212011106138,0.00412739548197066,-0.00444286008964045,-0.000100491116508452
124,0.00128081940344816,0.00133713613594325,0.000835431824954293,0.000518689236643084,0.00110065088536456,0.0023769726857501,-0.00310823175746681,-0.000386376739301987
125,0.00041466429956453,0.000476152410375801,0.00118639461567758,0.000585659394164181,0.000866446946878531,-0.000253254439163981,-0.00171043235166054,-0.000198661755519973
126,4.53541897926296e-05,0.000109605927931765,0.00193710809401512,0.000599377285699417,5.26527423091071e-05,0.000288307367767299,-0.00282765257297442,5.9813011115235e-05
127,-0.00083322003639097,-0.000766369054229685,0.00243999358417451,-9.20482267613324e-05,-0.00129101888628578,0.00349685506377948,-0.00581969380807307,0.000499543218936509
128,-0.00074157051385592,-0.000670659474128012,0.00202590869402107,3.42500803676806e-05,-0.00170322202255471,0.00592150121732067,-0.00791203314901827,0.000962935705735536
129,-0.00238234380355597,-0.00230940018952913,0.000824206524126779,0.000266668045247599,-0.000487656404911401,0.0032102301575661,-0.00676782294980961,0.000644974438251404
130,-0.00177409391362203,-0.00170104101499794,-0.000358582491445135,0.000260500680128733,0.000841921674285596,-0.00101699705780455,-0.00128059881106095,-0.000147285009101638
131,-0.00184829895116803,-0.0017740887726471,-0.00105045813819988,9.9348126341236e-06,0.00167460558136183,-0.00223032331317835,-0.000195140783209433,1.7293067944613e-05
132,-0.00189490857029118,-0.00182036005997558,-0.00140494804062043,-7.64586953972362e-05,0.00145179753940041,-0.00192769113967853,-0.000688209829611001,0.000825150105931215
133,-0.00068881065773123,-0.000616405452865559,-0.0011756806890789,-0.000182937414876468,0.000605499540755402,-0.00177151942400894,0.000466893822812936,0.00144133871153041
134,-0.00134998981819244,-0.00127934898888009,-0.000997900141002293,-7.54182164220775e-05,-5.47020223070799e-05,-0.00205425597266245,-0.000221117526795854,0.00212404489030966
135,-0.00208116551251649,-0.00201169886183577,-0.00113487783500277,-0.000158890468646323,-7.07428582822313e-05,-0.00210251104199476,-0.000698108207804075,0.00215343154989439
136,-0.00181498603456456,-0.00174852944735192,-0.000934751679507875,-6.2146800323097e-05,0.000325865231558248,-0.00290343539899297,0.000293056211817922,0.00153288298809586
137,-0.00260867717100968,-0.00254547286337228,-0.000895884699445975,5.17465529100093e-07,0.000303830045066463,-0.00347710933946349,0.000546579706468525,0.000976593958473095
138,-0.0037936568793525,-0.00373214923412098,-0.00133156527670077,0.000196289237772258,0.000525450058334729,-0.00372020986480694,-0.000419241952993938,0.00101712856427367
139,-0.00383731673855357,-0.00377802607937268,-0.0014426756905305,0.000266950188632319,0.000681772398049446,-0.0054989720436817,0.00184426765233184,0.000370631415825914
140,-0.00459473949947733,-0.00453829123606415,-0.00142142273160987,0.000340921660592138,0.00112764117201735,-0.00553409447449404,0.000864777142690403,8.38859947398718e-05
141,-0.00547345886102403,-0.005418144919999,-0.00158216170923533,0.000359008328728864,0.00104208791722652,-0.00491603592801374,-0.000931546453874252,0.000610502925168946
142,-0.00325424153337961,-0.00319931863660376,-0.00106905343526123,0.000307282847173345,0.00119087520286376,-0.00537722388314216,0.000582296106915578,0.00116650452484695
143,-0.00249333066960135,-0.00243951472761454,-0.000170216511077565,-0.00022244507464629,-0.000371441970680521,-0.00517954278551621,0.00277224495200029,0.000731886662305749
144,0.00020556105364322,0.000259357926463359,2.5642188389781e-05,-0.000530396292505919,-0.000692643620073215,-0.00322727812995592,0.00406448145595925,0.000619552324649387
145,-0.00523870550631938,-0.00518351867181782,-6.99479127566337e-06,-0.000570864771336228,-0.000683968005030376,-0.00139299541847652,-0.00275712852924963,0.000228432843550601
146,-0.00675350771965044,-0.00669749181730849,0.000424362098930834,-0.000572553904415473,0.000891769358540669,5.98593638676047e-05,-0.00670819268456871,-0.000792736049663411
147,-0.00508566430329313,-0.00502874287774498,0.000119698692709095,-0.000733155009220073,0.000965596681222666,0.000700366463494343,-0.00503454708694399,-0.00104670261900703
148,-0.00401329554204431,-0.00395415412011011,-0.00060902528369406,-0.000905498508093047,0.000803545205941812,-6.33755232762509e-05,-0.00279409361919703,-0.000385706391791535
149,-0.00473048484160284,-0.00466938394055202,-0.000626959398157726,-0.000652313164841845,0.000321766626820197,-0.000182824491084807,-0.00319491094851268,-0.000334142564775164
150,-0.00377740102001517,-0.00371516099985443,-0.000737953168093336,-0.000655564701776622,-0.000250971880777491,0.0009230280401145,-0.00275004071010418,-0.000243658579217294
151,-0.00668453036427174,-0.0066204810330921,-0.00129188489168824,-0.000718977785553391,-0.000784771301545806,0.00173178693526378,-0.00590773836122017,0.00035110437165172
152,-0.00457586108796623,-0.00450993092696178,-0.000939555655442127,-0.000411091923325674,-0.000809569498270069,0.00139425488203198,-0.00433545556046862,0.00059148682851274
153,-0.00387418559299696,-0.00380759325742145,-0.000134317071272804,-3.33967825337202e-05,-0.000563084270432297,0.00117083612777929,-0.00432254767115954,7.49164101976142e-05
154,-0.00309190376521007,-0.00302476629362037,-0.000203071751353271,-0.000869189529408289,-0.000251976484261706,0.00210895170132343,-0.00374206081180837,-6.74194181121548e-05
155,-0.00244595034485476,-0.00237793441193306,-0.000536055017435435,-0.000959914517573055,-0.000348483084287574,0.00368167143379408,-0.00422366539446679,8.51216803571662e-06
156,-0.00097251852651075,-0.000904638536485199,-0.000479190437256648,-0.000626129270167498,-0.000382177579034626,0.00358920606784948,-0.00277925105191989,-0.000227096265956019
157,-0.00317742825378476,-0.00311035462482012,-0.000728393566141516,-0.00042935522291715,-0.000997053937760114,0.00332584911049821,-0.00451765242802048,0.00023625141952093
158,-0.00139381716110982,-0.00132709703516229,-0.00106855998087415,0.000102088481622147,-0.0014836765528897,0.00346433040810429,-0.00351985549942383,0.00117857610829896
159,-0.00190552939676782,-0.00183955384278494,-0.000839581122921105,0.000550588800677498,-0.00124228640914422,0.00401561585163933,-0.0050507375144576,0.000726846551421157
160,-0.00241054522318562,-0.00234611858216462,-0.000504233491434598,0.000304592890468018,-0.000916924768105599,0.00329164801219349,-0.00481494539668285,0.000293744171396922
161,-0.00190645372633318,-0.00184317254551077,0.000105356140533422,0.000174298391476697,-0.000772491807814301,0.00111127782332277,-0.00342368698745836,0.000962073894429003
162,0.00022891715422414,0.000291359068240411,0.00124714100044026,-2.09239228721233e-05,-0.00132173810575973,0.00017850950605601,-0.00188584260597275,0.00209421319634874
163,0.000333446205595289,0.000394486918844817,0.00175320678196782,-0.000105143013167276,-0.0017980836077588,-0.000102600489804859,-0.00110839950296995,0.00175550675057788
164,-0.00230122981389027,-0.00224137721108874,0.00106676995973929,-0.000231190088063601,-0.00134197448944741,-0.000328157435223709,-0.00188767829883853,0.000480853140745218
165,-0.00366875937472354,-0.00360934245206711,0.000247097034195423,-0.000485726795772979,-9.12788789792839e-05,-0.000941173483307144,-0.0019112467415703,-0.000427013586632826
166,-0.00432649700461774,-0.00426765640980769,-0.000209252539968092,-0.000394472336949279,0.000991362763766556,-0.00111771825966806,-0.00272869941554841,-0.000808876621440403
167,-0.00279535824900602,-0.00273713541515262,-6.80118959464126e-05,0.000134025478106526,0.000806870987904296,-0.000936354790815271,-0.00137088196175625,-0.00130278323264551
168,-0.00523933046455664,-0.00518093723924573,0.000216359784129202,0.000347881369942415,5.74501876191928e-05,-0.000873388834134335,-0.00337817953263555,-0.00155106021416666
169,-0.0038526647526388,-0.00379386767841278,0.000282542219000198,0.000295024117508782,-0.000368113178495747,-0.00129252595724787,-0.0010059923784404,-0.00170480250073774
170,-0.00396984111834743,-0.00391090026318094,0.000563352757639623,0.000578937184463914,-0.000687645763593386,-0.0015563414237945,-0.000915034841254251,-0.00189416817664233
171,-0.00498871483733614,-0.00492916428908965,0.000682636776084161,0.000356004650940568,-0.000904572638859323,-0.00114132867150221,-0.00249134032020319,-0.00143056408554965
172,-0.00449655939975332,-0.00443598625499544,0.000443535781254978,-2.951277337541e-05,-0.00108715259393225,-0.00142634803104586,-0.00140444894957858,-0.000932059688318317
173,-0.00402090224706257,-0.0039596648621107,9.76475599490091e-06,0.000151603744586653,-0.000952900481149714,-0.00170887135700499,-0.000687465036468439,-0.000771796488069112
174,-0.00445332463245828,-0.00439143122708788,-0.000390646148975981,0.000216734210952829,-0.00102004340959034,-0.00185515372890455,-0.000379062306806964,-0.000963259843762878
175,-0.00553286598272072,-0.00546994326974753,-0.000605090743270913,3.26841306751213e-05,-0.00078869739157159,-0.00236381780940857,-0.00091371450527436,-0.000831306950897211
176,-0.00336147972790343,-0.00329783077950575,-0.000250918088409918,4.91202016133966e-05,-0.00101856594378892,-0.00281306910867446,0.000746437887551672,-1.08357277975202e-05
177,-0.00155022494422287,-0.00148624417695825,0.00256795878068821,5.64841630155509e-05,-0.00195617787916139,-0.00176432289410173,-0.000707294008533087,0.000317107661134198
178,0.00068070687231702,0.000745210426911773,0.00447158845713776,-0.000466633405136458,-0.00394474267606556,-0.000823227652047132,0.0034207218760044,-0.00191249617298123
179,-0.00348546246359758,-0.00342056288967742,0.00339886063093528,-0.000514643491825742,-0.00417020713429675,-0.00209151905015592,0.000790334622890998,-0.000833388467225297
180,-0.0033507698218672,-0.00328600870935729,0.00106977859188654,-0.000567937739983139,-0.00335135517699318,-0.00229012708509854,-0.00100961939218659,0.00286325209301764
181,-0.00241693179441808,-0.00235232732604836,-0.00145312231783238,-0.00100836098574428,-0.00159629353520542,-0.00111978482032138,-0.00115737117244591,0.00398260550550101
182,-0.00207313630174238,-0.00200860104452866,-0.0027397459469803,-0.000758408781536036,-0.000770985327119347,0.000241963196479566,-0.000288170661143999,0.00230674647577145
